publishedAt|source_name|title|description|content|url
2025-11-07T08:10:00Z|Olhardigital.com.br|Brasil x Indonésia: onde assistir, horário e escalações do jogo pela Copa do Mundo Sub-17|"Confira onde assistir, escalações, arbitragem e horário do jogo entre Brasil e Indonésia pela Copa do Mundo sub-17
O post Brasil x Indonésia: onde assistir, horário e escalações do jogo pela Copa do Mundo Sub-17 apareceu primeiro em Olhar Digital."|Nesta sexta-feira (07), Brasil e Indonésia se enfrentam pela segunda rodada da fase de grupos da Copa do Mundo Sub-17. As seleções jogam às 12h45 (Brasília), no campo nº 7 do complexo esportivo Aspir… [+1415 chars]|https://olhardigital.com.br/2025/11/07/internet-e-redes-sociais/brasil-x-indonesia-onde-assistir-horario-e-escalacoes-do-jogo-pela-copa-do-mundo-sub-17/
2025-11-07T08:00:00Z|Archdaily.com.br|Casa DDAR / Othmane Bengebara Studio|Situada nas colinas próximas a Essaouira, no Marrocos, a DDAR é uma villa rústica e contemporânea que expressa um diálogo entre tradição e modernidade, artesanato e paisagem. Projetada em colaboração entre o arquiteto Othmane Bengebara e o proprietário, a cas…|"© Iman Zaoin
+ 6
<ul><li></li><li>Equipe Técnica: Yasmine Sebti
</li><li>Arquitetos Responsáveis: Othmane Bengebara
</li><li>Equipe De Projeto: Othmane Bengebara Studio
</li><li>Design De Interi… [+3919 chars]"|https://www.archdaily.com.br/br/1035697/casa-ddar-othmane-bengebara-studio
2025-11-07T03:49:06Z|Diariodocentrodomundo.com.br|Golpista foragido do 8/1 interrompe Gilmar Mendes em evento em Buenos Aires|Um foragido dos atos golpistas de 8 de janeiro interrompeu, nesta quinta-feira (6), um evento com o ministro do Supremo Tribunal Federal (STF) Gilmar Mendes, em Buenos Aires. Symon Castro, réu no processo que apura os ataques às sedes dos Três Poderes em Bras…|"O banqueiro André Esteves, Ivan Duque e o ministro Gilmar Mendes, em evento do IDP em Buenos Aires. Reprodução
Um foragido dos atos golpistas de 8 de janeiro interrompeu, nesta quinta-feira (6), um … [+2390 chars]"|https://www.diariodocentrodomundo.com.br/golpista-foragido-do-8-1-interrompe-gilmar-mendes-em-evento-em-buenos-aires/
2025-11-06T22:40:02Z|Metropoles.com|Inmet: 9 estados têm alerta laranja para tempestades. Saiba quais|Inmet emitiu alertas para tempestades, chuvas intensas, acúmulo de água e ventos costeiros. Avisos valem até às 10h desta sexta-feira (7/11)|O Instituto Nacional de Meteorologia (Inmet) emitiu, nesta quinta-feira (6/11), alerta laranja para tempestades, chuvas intensas, acúmulo de água e ventos costeiros que atingem nove estados do país. … [+1106 chars]|https://www.metropoles.com/brasil/inmet-estados-alerta-laranja-para-tempestades
2025-11-06T22:17:52Z|Globo|Lucro líquido da Alupar fecha 3º trimestre em R$ 489,4 milhões, alta de 34,5%|Diretor de relações com investidores, Luiz Coimbra diz que o trimestre foi marcado por avanços na implantação de projetos de transmissão no Brasil e na AL, na internacionalização da empresa|A Alupar, holding que atua em geração e transmissão de energia elétrica, registrou lucro líquido de R$ 489,4 milhões no terceiro trimestre de 2025. Resultado representa alta de 34,5% em relação ao me… [+3654 chars]|https://valor.globo.com/empresas/noticia/2025/11/06/lucro-liquido-da-alupar-fecha-3o-trimestre-em-r-4894-milhoes-alta-de-345percent.ghtml
2025-11-06T21:20:08Z|Noticiasautomotivas.com.br|Ram Rampage tem condições especiais no próximo fim de semana|No próximo sábado (8), a Stellantis inicia a Black Ram, campanha de vendas da marca americana que acontece em todas as concessionárias da marca no Brasil e|"rampage 2026
No próximo sábado (8), a Stellantis inicia a Black Ram, campanha de vendas da marca americana que acontece em todas as concessionárias da marca no Brasil e apresenta condições especiais… [+1688 chars]"|https://www.noticiasautomotivas.com.br/ram-rampage-tem-condicoes-especiais-no-proximo-fim-de-semana/
2025-11-06T21:16:15Z|Abril.com.br|Casos graves de gripe crescem na região Sudeste, diz balanço da Fiocruz|Influenza A é o vírus respiratório que mais causou mortes no Brasil até o momento, seguido pelo causador da covid-19|Super BlackFriday: Assine VEJA a partir de 7,99CUIDADOS - Importância de manter a vacinação em dia: um mesmo vírus pode causar sintomas leves em uma pessoa e quadro grave em outra, dependendo da idad… [+3485 chars]|https://veja.abril.com.br/saude/casos-graves-de-gripe-crescem-na-regiao-sudeste-diz-balanco-da-fiocruz/
2025-11-06T21:15:18Z|Papelpop.com|João Gomes, Julia Mestre e Mestrinho se apresentam no pré-show do Grammy Latino 2025|A Academia Latina da Gravação anunciou as apresentações que farão parte da 26ª edição do Grammy Latino 2025, que acontece no dia 13 de novembro, em Las Vegas, no Mandalay Bay South Convention Center. Entre os artistas confirmados no pré-show estão João Gomes,…|A Academia Latina da Gravação anunciou as apresentações que farão parte da 26ª edição do Grammy Latino 2025, que acontece no dia 13 de novembro, em Las Vegas, no Mandalay Bay South Convention Center.… [+1135 chars]|https://www.papelpop.com/2025/11/joao-gomes-julia-mestre-e-mestrinho-se-apresentam-no-pre-show-do-grammy-latino-2025/
2025-11-06T21:02:00Z|Ouniversodatv.com|Band transmite ao vivo o Grande Prêmio de São Paulo de Fórmula 1 com cobertura multiplataforma|Max Wilson, Sergio Mauricio, Mariana Becker, Felipe Giaffone e Reginaldo Leme estão na equipe de transmissão da Fórmula 1. Crédito: Renato P...|"<table><tr><td></td></tr><tr><td>Max Wilson, Sergio Mauricio, Mariana Becker, Felipe Giaffone e Reginaldo Leme estão na equipe de transmissão da Fórmula 1. Crédito: Renato Pizzutto/Band</td></tr>
</… [+3720 chars]"|https://www.ouniversodatv.com/2025/11/band-transmite-ao-vivo-o-grande-premio.html
2025-11-06T19:30:41Z|Blog.br|Ingrid Paixão – A Baianinha da twitch em fotos nua|"Ingrid Paixão em fotos nua, popular no TikTok e Twitch, a baianinha da twitch compartilha vídeos adultos peladinha no OnlyFans
O post Ingrid Paixão – A Baianinha da twitch em fotos nua apareceu primeiro em Testosterona Blog."|69,8KDesde que surgiu como streamer no Twitch, Ingrid Paixão mais conhecida como Baianinha conquistou a cena gamer com seu charme natural, atitude esperta e presença magnética. Nascida em Salvador e … [+4708 chars]|https://www.testosterona.blog.br/video/tiktok/ingrid-paixao
2025-11-06T19:28:00Z|Ouniversodatv.com|Semana no Prime Video tem Brasileirão, NBA e Seleção Sub-17 ao vivo de 06 a 12 de novembro|A semana promete fortes emoções para os assinantes do Prime Video que acompanham esportes ao vivo. Entre 06 e 12 de novembro, a plataforma a...|A semana promete fortes emoções para os assinantes do Prime Video que acompanham esportes ao vivo. Entre 06 e 12 de novembro, a plataforma apresenta uma programação de peso, reunindo jogos decisivos … [+2197 chars]|https://www.ouniversodatv.com/2025/11/semana-no-prime-video-tem-brasileirao.html
2025-11-06T19:06:24Z|Jbox.com.br|Terra Formars: Mangá deve ser retomado ainda em 2025|Com histórico de longas pausas, obra se encontra em hiato desde o mês de abril.|Depois de mais um longo hiato, o mangá Terra Formars deve ter um novo capítulo saindo no Japão ainda este ano. Ao menos é o que garante a conta oficial da obra no X, que também pediu desculpas pelos … [+2582 chars]|https://www.jbox.com.br/2025/11/06/terra-formars-manga-deve-ser-retomado-ainda-em-2025/
2025-11-06T19:00:00Z|Ig.com.br|Novo Renault Boreal está nas lojas com força para assumir o pódio|Equipado com motor 1.3 turboflex, novo SUV médio chega com três versões de acabamento, visual elegante e bastante tecnologia|O Renault Boreal, novo SUV médio da marca francesa, agora está nas lojas do Brasil e pronto para enfrentar modelos como VW Taos, Jeep Compass e Toyota Corolla Cross. Apresentado em julho passado e co… [+3868 chars]|https://carros.ig.com.br/colunas/bene-gomes/2025-11-06/renault-boreal-esta-nas-lojas-com-forca-para-assumir-o-podio.html
2025-11-06T18:16:18Z|Observador.pt|Espanha proíbe criação de aves de capoeira em várias zonas|A proibição determinada por Espanha aplica-se a zonas do sudoeste, centro e norte, onde estão identificadas as áreas de maior risco. O Reino Unido e França também já recorreram a medidas semelhantes.|"O Governo espanhol decidiu proibir, a partir de segunda-feira, a criação de aves de capoeira, em várias zonas do país, face ao aumento do número de casos de infeção pela gripe das aves na Europa.
“N… [+1928 chars]"|https://observador.pt/2025/11/06/espanha-proibe-criacao-de-aves-de-capoeira-em-varias-zonas-a-partir-de-segunda-feira/
2025-11-06T17:30:44Z|Uol.com.br|Smart TV 65 polegadas com tecnologia QNED sai R$ 2.000 OFF|"Um bom custo-benefício para uma TV de alta tecnologia e qualidade de imagem superior.
The post Smart TV 65 polegadas com tecnologia QNED sai R$ 2.000 OFF appeared first on Giz Brasil."|"A Smart TV 4K de 65 polegadas LG QNEDoferece uma experiência audiovisual superior, unindo as tecnologias Quantum Dot e Nanocell para proporcionar cores vibrantes e detalhes impressionantes.
Ela vem … [+2247 chars]"|https://gizbr.uol.com.br/smart-tv-65-polegadas-com-tecnologia-qned-sai-r-2-000-off/
2025-11-06T17:11:06Z|Ig.com.br|Palmeiras x Santos: Palpites Brasileirão 2025|Times vivem momentos opostos na reta final de temporada|Palmeiras e Santos fazem um jogaço na 32ª rodada do Brasileirão. O duelo desta quinta-feira (6), às 21h30, no Allianz Parque, em São Paulo, mexe com o topo da tabela e com a parte de baixo. A vitória… [+1784 chars]|https://esporte.ig.com.br/jogoajogo/2025-11-06/palmeiras-santos-brasileirao-2025-rodada-32.html
2025-11-06T16:55:41Z|Abril.com.br|William fala português e elogia fundo para florestas defendido pelo Brasil, na COP30|Em discurso, sucessor do rei Charles disse que mundo precisa ouvir os povos originários|"ASSINE VEJA NEGÓCIOSPríncipe William discursa na COP30 (Transmissão EBC/Reprodução)
Continua após publicidade
<ul><li></li><li>Este resumo foi útil?
Resumo gerado por ferramenta de IA treinada pel… [+2176 chars]"|https://veja.abril.com.br/economia/william-fala-portugues-e-elogia-fundo-para-florestas-defendido-pelo-brasil-na-cop30/
2025-11-06T16:00:23Z|Abril.com.br|Os pesquisadores brasileiros que mais influenciam políticas públicas de saúde mundo afora|Dos 107 especialistas que mais influenciam decisões estratégicas no mundo, 55 são da saúde — de nutrição e infecções a terapia intensiva, vacinas e saúde mental|Super BlackFriday: Assine VEJA a partir de 7,99Influência: Cesar Victora, referência global em saúde materno-infantil, é apontado como o pesquisador brasileiro mais mencionado em decisões estratégica… [+7952 chars]|https://veja.abril.com.br/saude/os-pesquisadores-brasileiros-que-mais-influenciaram-politicas-publicas-de-saude-mundo-afora/
2025-11-06T15:41:12Z|Terra.com.br|Um piloto brasileiro já ganhou o GP do Brasil? Descubra|O Grande Prêmio do Brasil de Fórmula 1 2025 está cada vez mais próximo, assim como a estreia do ...|O Grande Prêmio do Brasil de Fórmula 1 2025 está cada vez mais próximo, assim como a estreia do jovem piloto Gabriel Bortoleto no circuito. Após uma temporada de rookie impressionante, o público espe… [+2239 chars]|https://www.terra.com.br/noticias/um-piloto-brasileiro-ja-ganhou-o-gp-do-brasil-descubra,b6d166f7ad7a5443bdebdfb4a95712ccu2hhdov2.html
2025-11-06T15:37:59Z|Observador.pt|Estudo inédito revela ratos a caçarem morcegos em pleno voo|Estudo mostra comportamento de caça ativa de ratos a morcegos nunca antes documentado. Biólogos alertam para riscos de transmissão de vírus como coronavírus e raiva.|Uma equipa de investigadores alemães documentou, pela primeira vez, ratos-noruegueses Rattus norvegicus, uma espécie invasora comum em zonas urbanas a caçar morcegos em pleno voo, um comportamento at… [+2626 chars]|https://observador.pt/2025/11/06/video-estudo-inedito-mostra-ratos-a-cacarem-morcegos-em-pleno-voo-na-alemanha-investigadores-alertam-para-preocupacoes-de-saude-publica/
2025-11-06T15:33:43Z|Globo|Engie adia investimentos em energia renovável e mira fusões e aquisições de hidrelétricas|Cortes de geração, contudo, são ponto central na análise de viabilidade de novos empreendimentos, e incertezas sobre o tema levam a empresa a adotar postura mais cautelosa|A Engie Brasil vai adiar investimentos em projetos novos de eólicas e solares, diante do cenário de sobreoferta de energia e dos cortes de geração (curtailment) que vêm afetando a rentabilidade do se… [+2848 chars]|https://valor.globo.com/empresas/noticia/2025/11/06/engie-adia-investimentos-em-energia-renovavel-e-mira-fusoes-e-aquisicoes-de-hidreletricas.ghtml
2025-11-06T15:28:08Z|Uol.com.br|Palmeiras x Santos: onde assistir ao clássico do Brasileirão|"Em situações opostas, equipes medem forças nesta quinta-feira (6) em São Paulo. Veja quem transmite!
The post Palmeiras x Santos: onde assistir ao clássico do Brasileirão appeared first on Giz Brasil."|O Palmeiras recebe o Santos nesta quinta-feira (6), no Allianz Parque, em clássico válido pela 32ª rodada do Campeonato Brasileiro. O Verdão é o líder com 65 pontos, enquanto o Peixe é o 17º colocado… [+1722 chars]|https://gizbr.uol.com.br/onde-assistir-palmeiras-santos-campeonato-brasileiro/
2025-11-06T15:17:28Z|Globo|Cortes de geração de energia continuam a impactar caixa da Engie, diz comando|Segundo a companhia, a limitação imposta pelo ONS tem reduzido a receita das usinas solares e eólicas, mesmo em um cenário de expansão da capacidade instalada|Em teleconferência com acionistas e investidores, nesta quinta-feira (6), o diretor de Energias Renováveis e Armazenamento daEngie Brasil, Guilherme Ferrari, afirmou que os cortes de geração (conheci… [+1599 chars]|https://valor.globo.com/empresas/noticia/2025/11/06/cortes-de-geracao-de-energia-continuam-a-impactar-caixa-da-engie-diz-comando.ghtml
2025-11-06T14:41:55Z|Terra.com.br|BLAST R6 Major de Munique começa neste sábado com quatro brasileiros na disputa|Brasil será representado por FURIA, FaZe Clan, Ninjas in Pyjamas e W7M Esports, que defenderão o título da região sul americana|A próxima etapa global do circuito competitivo de Rainbow Six Siege X está prestes a começar. O BLAST R6 Major de Munique reunirá as 16 melhores equipes do mundo de sábado (8) até o dia 16 de novembr… [+2119 chars]|https://www.terra.com.br/gameon/esports/blast-r6-major-de-munique-comeca-neste-sabado-com-quatro-brasileiros-na-disputa,82274f44c3e284d302bb7811b5d29442i1dwosda.html
2025-11-06T14:31:33Z|Uol.com.br|Ceará x Fortaleza: onde assistir ao Clássico-Rei no Brasileirão|"Brigando contra rebaixamento, equipes se enfrentam nesta quinta-feira (6) na capital cearense. Veja quem transmite!
The post Ceará x Fortaleza: onde assistir ao Clássico-Rei no Brasileirão appeared first on Giz Brasil."|O Ceará recebe o Fortaleza nesta quinta-feira (6), na Arena Castelão, em clássico válido pela 32ª rodada do Campeonato Brasileiro. O Vozão é o 14º colocado com 38 pontos, enquanto o Leão do Pici ocup… [+1756 chars]|https://gizbr.uol.com.br/onde-assistir-ceara-fortaleza-campeonato-brasileiro/
2025-11-06T13:48:23Z|InfoMoney|Axia tem combinação de resultado robusto e dividendo de R$ 4,3 bilhões; ações sobem|"Analistas mostram confiança de que os resultados da companhia devam melhorar nos próximos trimestres
The post Axia tem combinação de resultado robusto e dividendo de R$ 4,3 bilhões; ações sobem appeared first on InfoMoney."|Mais um resultado expressivo e bom pagamento de dividendos: os números da Axia Energia (ELET3;ELET6), antiga Eletrobras, foram considerados positivos pelos analistas de mercado, o que se reflete nas … [+5954 chars]|https://www.infomoney.com.br/mercados/axia-tem-combinacao-de-resultado-robusto-e-dividendo-de-r-43-bilhoes-acoes-sobem/
2025-11-06T13:41:33Z|Terra.com.br|PF prende quatro advogados ligados ao Comando Vermelho em operação no Amazonas|PF prende quatro advogados ligados ao Comando Vermelho em operação no Amazonas. A ação da Operação Roque desarticulou um núcleo jurídico que facilitava ordens e operações da facção. Saiba mais sobre o caso e as medidas das autoridades para combater o crime or…|ResumoA Polícia Federal prendeu quatro advogados ligados ao Comando Vermelho em operação no Amazonas, acusados de facilitar comunicações, logística de drogas, lavagem de dinheiro e manter a hierarqui… [+2378 chars]|https://www.terra.com.br/noticias/brasil/policia/pf-prende-quatro-advogados-ligados-ao-comando-vermelho-em-operacao-no-amazonas,a39f51e59cf8afdbe8d507161c05f47auqmcssps.html
2025-11-06T13:38:58Z|Observador.pt|Angola agradece ajuda de países na luta pela independência|"João Lourenço considera ""inestimável"" a ajuda dada pelos ""chamados países socialistas da Europa do Leste, com destaque para a ex-União Soviética"" na conquista da independência e da soberania nacional."|O Presidente angolano agradeceu esta quinta-feira, em Luanda, aos vários países que apoiaram Angola na luta pela independência e alcance da paz, com destaque para a antiga União Soviética, cujo papel… [+4562 chars]|https://observador.pt/2025/11/06/angola-agradece-ajuda-de-paises-na-luta-pela-independencia-com-destaque-para-a-ex-uniao-sovietica/
2025-11-06T13:24:16Z|Uol.com.br|Fluminense x Mirassol: onde assistir ao jogo do Brasileirão|"Equipes medem forças nesta quinta-feira (6) no Rio de Janeiro. Descubra onde vai passar!
The post Fluminense x Mirassol: onde assistir ao jogo do Brasileirão appeared first on Giz Brasil."|O Fluminense recebe o Mirassol nesta quinta-feira (6), no estádio do Maracanã, em duelo válido pela 32ª rodada do Campeonato Brasileiro. O Tricolor das Laranjeiras ocupa a sétima colocação com 47 pon… [+1766 chars]|https://gizbr.uol.com.br/onde-assistir-fluminense-mirassol-campeonato-brasileiro/
2025-11-06T13:21:07Z|Tecnoblog.net|Telebras e SES fazem acordo para uso de satélites no Brasil|"Empresas assinaram um memorando para testar satélites de órbita média durante a COP30. Projeto utilizará infraestrutura já existente da Telebras.
Telebras e SES fazem acordo para uso de satélites no Brasil"|"Resumo
<ul><li>Telebras e SES, operadora global de satélites, assinaram um memorando para explorar tecnologias de órbita média no Brasil.</li><li>A parceria será testada durante a COP30 em Belém (PA… [+2871 chars]"|https://tecnoblog.net/noticias/ses-e-telebras-fazem-acordo-para-uso-de-satelites-no-brasil/
2025-11-06T13:02:58Z|Olhardigital.com.br|Por dentro da operação argentina que derrubou streamings piratas no Brasil|"Investigação da Argentina revelou rede com faturamento de até R$ 1 bilhão e escritórios inteiros dedicados à pirataria no streaming
O post Por dentro da operação argentina que derrubou streamings piratas no Brasil apareceu primeiro em Olhar Digital."|Autoridades argentinas descobriram uma estrutura empresarial por trás de serviços ilegais de streaming, como My Family Cinema e TV Express. A investigação revelou escritórios com mais de cem funcioná… [+3966 chars]|https://olhardigital.com.br/2025/11/06/cinema-e-streaming/por-dentro-da-operacao-argentina-que-derrubou-streamings-piratas-no-brasil/
2025-11-06T13:00:54Z|Uol.com.br|Caixa de Som Boombox 3 com 180W RMS e bateria de 24h sai 31% OFF|"Garanta a sua JBL Boombox 3 e curta um som potente onde quiser, faça chuva ou faça sol!
The post Caixa de Som Boombox 3 com 180W RMS e bateria de 24h sai 31% OFF appeared first on Giz Brasil."|A JBL Boombox 3 é a caixa de som portátil perfeita para quem busca potência sonora, resistência e bateria de longa duração. Isso porque, com 180W RMS de potência, ela entrega graves intensos e som cr… [+2437 chars]|https://gizbr.uol.com.br/caixa-de-som-boombox-3-com-180w-rms-e-bateria-de-24h-sai-31-off/
2025-11-06T13:00:14Z|Abril.com.br|Utrecht x Porto: onde assistir, horário e escalações|Partida de hoje, 6, é válida pela 4ª rodada da fase de liga|"Super BlackFriday: Assine VEJA a partir de 7,99Estádio Galgenwaard, em Utrecht, vai ser o palco da partida entre Utrecht e Porto nesta quinta, 6 (Harriet Lander - The FA/The FA/Getty Images)
Continu… [+2125 chars]"|https://veja.abril.com.br/esporte/utrecht-x-porto-onde-assistir-horario-e-escalacoes/
2025-11-06T13:00:07Z|Ig.com.br|Marcas aceleram no asfalto de Interlagos e dominam o GP do Brasil|Shell, Americanas e Gerdau disputam atenção do público dentro e fora da pista|O retorno da Grande Prêmio de São Paulo ao calendário da Fórmula 1aviva mais do que o espetáculo da velocidade: reacende uma vitrine robusta para marcas nacionais e globais. Em 2025, empresas como Sh… [+2325 chars]|https://ultimosegundo.ig.com.br/colunas/ideia-e-meio/2025-11-06/marcas-aceleram-no-asfalto-de-interlagos-e-dominam-o-gp-do-brasil.html
2025-11-06T12:15:00Z|Uol.com.br|Real Betis x Lyon: onde assistir ao jogo da Liga Europa|"Equipes fazem duelo pela quarta rodada nesta quinta-feira (6) em Sevilha. Descubra onde vai passar!
The post Real Betis x Lyon: onde assistir ao jogo da Liga Europa appeared first on Giz Brasil."|O Real Betis recebe o Olympique de Lyon nesta quinta-feira (6), no estádio de la Cartuja, em jogo válido pela quarta rodada da fase de liga da UEFA Europa League. Os Verdiblancos ocupam a 16ª colocaç… [+1771 chars]|https://gizbr.uol.com.br/onde-assistir-real-betis-lyon-uefa-europa-league/
2025-11-06T12:00:19Z|Abril.com.br|Inmet emite dois alertas laranjas de tempestades para a Região Sul, MS e SP|Rio Grande do Sul e Santa Catarina devem ser os estados mais afetados|"Super BlackFriday: Assine VEJA a partir de 7,99 (Paulo Pinto/Agência Brasil)
Continua após publicidade
O Instituto Nacional de Meteorologia (Inmet) emitiu dois alertas laranjas (perigo) para tempes… [+2674 chars]"|https://veja.abril.com.br/agenda-verde/inmet-emite-dois-alertas-laranjas-de-tempestades-para-a-regiao-sul-ms-e-sp/
2025-11-06T11:21:10Z|Metropoles.com|Ex-Eletrobras, Axia Energia vê lucro despencar 68% no 3º trimestre|O lucro da Axia (antiga Eletrobras) no período entre julho e setembro ficou em R$ 2,2 bilhões, o que representou um tombo anual de 68%|"A Axia Energia, antiga Eletrobras, fechou o terceiro trimestre deste ano com uma queda expressiva no lucro líquido, em relação ao mesmo período de 2024.
De acordo com os resultados divulgados pela c… [+3827 chars]"|https://www.metropoles.com/negocios/ex-eletrobras-axia-energia-ve-lucro-despencar-68-no-3o-trimestre
2025-11-06T11:08:50Z|Uol.com.br|Rangers x Roma: onde assistir ao jogo da Liga Europa|"Equipes medem forças nesta quinta-feira (6) em Glasgow. Veja quem transmite!
The post Rangers x Roma: onde assistir ao jogo da Liga Europa appeared first on Giz Brasil."|O Rangers recebe a Roma nesta quinta-feira (6), no Ibrox Stadium, em jogo válido pela quarta rodada da fase de liga da UEFA Europa League. Os Teddy Bears estão na lanterna sem nenhum ponto, enquanto … [+1671 chars]|https://gizbr.uol.com.br/onde-assistir-rangers-roma-uefa-europa-league/
2025-11-06T11:00:00Z|Olhardigital.com.br|Jogos de hoje (06/11/25): onde assistir futebol ao vivo e horários das partidas|"Quer saber quem joga hoje? Confira horários e onde assistir ao vivo aos jogos de hoje (06/11/25) do futebol do Brasil e do mundo na TV e no streaming
O post Jogos de hoje (06/11/25): onde assistir futebol ao vivo e horários das partidas apareceu primeiro em O…"|"Confira a agenda de jogos dos próximos dias aqui!
Confira aqui, no Olhar Digital, onde assistir, ao vivo, às partidas de hoje, 06 de novembro de 2025. Veja, a seguir, os horários dos jogos de hoje, … [+3670 chars]"|https://olhardigital.com.br/2025/11/06/internet-e-redes-sociais/jogos-de-hoje-06-11-25-onde-assistir-futebol-ao-vivo-e-horarios-das-partidas/
2025-11-06T09:08:09Z|InfoMoney|Reação ao Copom, Petrobras, Tesla, falas do Fed e mais destaques desta quinta-feira|"As principais notícias que devem movimentar os bastidores da política, do mundo e dos mercados hoje
The post Reação ao Copom, Petrobras, Tesla, falas do Fed e mais destaques desta quinta-feira appeared first on InfoMoney."|Os mercados digerem nesta quinta-feira (6) a decisão do Banco Central (BC) de manter a taxa Selic em 15% ao ano. Foi a terceira reunião consecutiva do Comitê de Política Monetária (Copom) sem mudança… [+8659 chars]|https://www.infomoney.com.br/mercados/reacao-copom-petrobras-tesla-falas-fed-destaques-06112025/
2025-11-06T08:30:00Z|Olhardigital.com.br|Ceará x Fortaleza: onde assistir, horário e escalação do Brasileirão|"Confira escalações, onde assistir e horário do duelo entre Ceará e Fortaleza pela 32ª rodada do Campeonato Brasileiro
O post Ceará x Fortaleza: onde assistir, horário e escalação do Brasileirão apareceu primeiro em Olhar Digital."|"Nesta quinta-feira (06), Ceará e Fortaleza se enfrentam pela 32ª rodada do Brasileirão 2025. A bola rola às 19h30 (horário de Brasília) na Arena Castelão, Fortaleza (CE).
<ul><li>Ceará x Fortaleza<u… [+1709 chars]"|https://olhardigital.com.br/2025/11/06/internet-e-redes-sociais/ceara-x-fortaleza-onde-assistir-horario-e-escalacao-do-brasileirao/
2025-11-06T08:10:00Z|Olhardigital.com.br|Fluminense x Mirassol: onde assistir, horário e escalação do Brasileirão|"Confira escalações, onde assistir e horário do duelo entre Fluminense e Mirassol pela 32ª rodada do Campeonato Brasileiro
O post Fluminense x Mirassol: onde assistir, horário e escalação do Brasileirão apareceu primeiro em Olhar Digital."|"Nesta quinta-feira (06), Fluminense e Mirassol se enfrentam pela 32ª rodada do Brasileirão 2025. A bola rola às 19h30 (horário de Brasília) no Maracanã, Rio de Janeiro (RJ). 
<ul><li>Fluminense x Mi… [+1813 chars]"|https://olhardigital.com.br/2025/11/06/internet-e-redes-sociais/fluminense-x-mirassol-onde-assistir-horario-e-escalacao-do-brasileirao/
2025-11-06T08:02:37Z|Globo|Curtas|"Engie lucra R$ 731 mi
A Engie Brasil terminou o te..."|Engie lucra R$ 731 miA Engie Brasil terminou o terceiro trimestre com lucro líquido ajustado de R$ 731 milhões, alta de 9,8% em relação ao mesmo período de 2024. A empresa credita o resultado à melho… [+641 chars]|https://valor.globo.com/empresas/noticia/2025/11/06/d8282f79-curtas.ghtml
2025-11-06T01:22:00Z|Ouniversodatv.com|EBC apresenta plano completo de cobertura da COP30 e assume transmissão oficial do evento|Foto: Marketing/EBC/Divulgação A Empresa Brasil de Comunicação (EBC)  cumpre com uma dupla missão durante a realização da Cúpula do Clima de...|"<table><tr><td></td></tr><tr><td>Foto: Marketing/EBC/Divulgação
</td></tr>
</table>A Empresa Brasil de Comunicação (EBC) cumpre com uma dupla missão durante a realização da Cúpula do Clima de Belém … [+7790 chars]"|https://www.ouniversodatv.com/2025/11/ebc-apresenta-plano-completo-de.html
2025-11-05T23:14:00Z|Ouniversodatv.com|Na luta pela classificação, São Paulo duela com AD Taubaté neste sábado, ao vivo na Record News|Foto: Record/Antônio Chahestian O Paulistão Feminino  está chegando à reta final da primeira fase e a RECORD NEWS promete alta tensão neste ...|"<table><tr><td></td></tr><tr><td>Foto: Record/Antônio Chahestian</td></tr>
</table>O Paulistão Feminino está chegando à reta final da primeira fase e a RECORD NEWS promete alta tensão neste sábado (… [+1303 chars]"|https://www.ouniversodatv.com/2025/11/na-luta-pela-classificacao-sao-paulo.html
2025-11-05T22:54:00Z|Ouniversodatv.com|Fluminense e Mirassol duelam pela 32ª rodada do Brasileirão com exclusividade na RECORD|Foto: Edu Moraes/Record Quinta-feira (06/11), de jogaço nas telas da RECORD ! A partir das 19h, a emissora vai exibir, ao vivo, com exclusiv...|"<table><tr><td></td></tr><tr><td>Foto: Edu Moraes/Record</td></tr>
</table>Quinta-feira (06/11), de jogaço nas telas da RECORD! A partir das 19h, a emissora vai exibir, ao vivo, com exclusividade na… [+1239 chars]"|https://www.ouniversodatv.com/2025/11/fluminense-e-mirassol-duelam-pela-32.html
2025-11-05T22:32:38Z|Terra.com.br|Conheça Letícia Pinho, nova voz da Superliga no Sportv|Contratada pela Globo em abril deste ano, a narradora Letícia Pinho vem ganhando destaque nas ...|Contratada pela Globo em abril deste ano, a narradora Letícia Pinho vem ganhando destaque nas transmissões do Sportv e do Premiere. Natural de Jundiaí (SP) e com pouco mais de dois anos de experiênci… [+3033 chars]|https://www.terra.com.br/esportes/volei/conheca-leticia-pinho-nova-voz-da-superliga-no-sportv,7ac8e9f35d9801585c43fb3a6c0822ea2jmr0t4j.html
2025-11-05T22:16:40Z|InfoMoney|Engie Brasil: lucro sobe 10% no 3º tri, a R$ 731 mi, com geração e comercialização|"Houve maior comercialização no mercado livre, após entrada em operação comercial de alguns parques de geração
The post Engie Brasil: lucro sobe 10% no 3º tri, a R$ 731 mi, com geração e comercialização appeared first on InfoMoney."|SÃO PAULO (Reuters) A Engie Brasil Energia (EGIE3) registrou um lucro cerca de 10% maior no terceiro trimestre na comparação anual, segundo balanço divulgado nesta quarta-feira, impulsionado por uma … [+1802 chars]|https://www.infomoney.com.br/mercados/engie-brasil-egie3-resultados-terceiro-trimestre-2025/
2025-11-05T21:43:34Z|Globo|Engie tem lucro de R$ 731 milhões no 3º trimestre, alta de 9,8%|Empresa credita o resultado a melhorias de eficiência da gestão operacional, aumento do volume de energia comercializada e desempenho dos empreendimentos de geração e transmissão|A Engie Brasil terminou o terceiro trimestre de 2025 com lucro líquido ajustado de R$ 731 milhões, alta de 9,8% em relação ao mesmo período do ano anterior. A empresa credita o resultado melhorias de… [+1487 chars]|https://valor.globo.com/empresas/noticia/2025/11/05/engie-tem-lucro-de-r-731-milhes-no-3-trimestre-alta-de-98-pontos-percentuais.ghtml
2025-11-05T19:59:08Z|Terra.com.br|Palmeiras x Santos: qual placar mais se repete no clássico? Veja para apostar|Descubra qual resultado mais comum em Palmeiras x Santos para apostar com sabedoria no jogo desta quinta (6) pelo Brasileirão|Palmeiras e Santos se enfrentam nesta quinta-feira (6/11), às 21h30 (de Brasília), no Allianz Parque, em um clássico marcado por situações opostas no Campeonato Brasileiro: enquanto o Alviverde lider… [+3007 chars]|https://www.terra.com.br/apostas/palmeiras-x-santos-qual-placar-mais-se-repete-no-classico-veja-para-apostar,ea14288d6b41a668c84b69a782f84d29nbrddiec.html
2025-11-05T19:56:19Z|Terra.com.br|Globo está perto de confirmar transmissão de novo campeonato|A Globo está muito próxima de anunciar a transmissão da Copa Intercontinental da FIFA, torneio ...|A Globo está muito próxima de anunciar a transmissão da Copa Intercontinental da FIFA, torneio que reúne os campeões das seis confederações do futebol mundial e que será disputado entre setembro e de… [+1617 chars]|https://www.terra.com.br/esportes/futebol/copa-intercontinental/globo-esta-perto-de-confirmar-transmissao-de-novo-campeonato,001de17020f17a683cab20893d49dd60bfkld5mj.html
2025-11-05T19:48:00Z|Ouniversodatv.com|NFL, Superliga e Mundial de Ginástica movimentam o fim de semana nos canais sportv e Ge TV|Foto: Reprodução O fim de semana promete ser intenso nos canais sportv e Ge TV , com uma programação repleta de grandes atrações para os fãs...|"<table><tr><td></td></tr><tr><td>Foto: Reprodução</td></tr>
</table>O fim de semana promete ser intenso nos canais sportv e Ge TV, com uma programação repleta de grandes atrações para os fãs de espo… [+2684 chars]"|https://www.ouniversodatv.com/2025/11/nfl-superliga-e-mundial-de-ginastica.html
2025-11-05T19:11:01Z|Ig.com.br|Globo movimenta bastidores no GP do Brasil de olho em 2026|Mesmo fora da temporada, emissora marca presença no GP de Interlagos|Mesmo sem os direitos de transmissão da Fórmula 1 em 2025, a Globo decidiu marcar presença no Grande Prêmio do Brasil, que acontece neste fim de semana em São Paulo. A emissora enviou uma equipe de 1… [+1761 chars]|https://gente.ig.com.br/colunas/gabriel-de-oliveira/2025-11-05/globo-movimenta-bastidores-no-gp-do-brasil-de-olho-em-2026.html
2025-11-05T18:32:00Z|Ouniversodatv.com|CNN Brasil faz lives com correção ao vivo do Enem 2025 nos dias 9 e 16 de novembro|A CNN Brasil preparou uma cobertura especial e multiplataforma para os dois domingos de prova do Enem 2025 , com lives de correção em tempo ...|A CNN Brasil preparou uma cobertura especial e multiplataforma para os dois domingos de prova do Enem 2025, com lives de correção em tempo real das principais questões do exame, comandadas pelos prof… [+3300 chars]|https://www.ouniversodatv.com/2025/11/cnn-brasil-faz-lives-com-correcao-ao.html
2025-11-05T18:05:00Z|Sapo.pt|Andebol: Árbitros das meias-finais e final do próximo europeu usarão câmaras na cabeça|"A Federação Europeia de Andebol (EHF) anunciou esta quarta-feira que as equipas de arbitragem nomeadas para os jogos das meias-finais e final do próximo europeu usarão a chamada 'RefCam'.De acordo com o organismo, esta tecnologia ""é um sistema de câmara monta…"|"A Federação Europeia de Andebol (EHF) anunciou esta quarta-feira que as equipas de arbitragem nomeadas para os jogos das meias-finais e final do próximo europeu usarão a chamada 'RefCam'.
De acordo … [+1176 chars]"|https://sportinforma.sapo.pt/modalidades/andebol/artigos/andebol-arbitros-das-meias-finais-e-final-do-proximo-europeu-usarao-camaras-na-cabeca
2025-11-05T17:16:07Z|IGN|Crunchyroll revela novo trailer da 3ª temporada de Oshi no Ko|A nova temporada estreia em janeiro de 2026|A Crunchyroll revelou, nesta terça-feira (4), o novo trailer da 3ª temporada de Oshi no Ko. O anime, que foi um dos grandes destaques de 2023, é uma adaptação do mangá de Aka Akasaka (Kaguya-sama: Lo… [+1258 chars]|https://br.ign.com/oshi-no-ko/147875/news/crunchyroll-revela-novo-trailer-da-3a-temporada-de-oshi-no-ko
2025-11-05T17:13:03Z|Terra.com.br|Brasileirão: Bragantino venceu só um dos últimos dez jogos contra o Corinthians; veja odds|Red Bull Bragantino recebe o Corinthians nesta quarta-feira (5/11), pela 32ª rodada do Brasileirão. Confira como apostar|Red Bull Bragantino e Corinthians se enfrentam em duelo da 32ª rodada do Brasileirão, e o Massa Bruta chega pressionado: venceu apenas um dos últimos dez jogos. A partida ocorre nesta quarta-feira (5… [+3168 chars]|https://www.terra.com.br/apostas/brasileirao-bragantino-venceu-so-um-dos-ultimos-dez-jogos-contra-o-corinthians-veja-odds,ec022385cb3458f18f80d7e49d0de2a6fi6rc7fn.html
2025-11-05T17:11:55Z|Metropoles.com|Botafogo x Vasco: quarta melhor defesa enfrenta quarto melhor ataque|Botafogo e Vasco se enfrentam em duelo direto por vaga na Libertadores, com defesa e ataque em destaque no Brasileiro. Veja e aposte|Botafogo e Vasco duelam em clássico decisivo que coloca a quarta melhor defesa do Brasileirão, do Glorioso, contra o quarto melhor ataque, do Vasco. O confronto direto vale pontos na briga por vaga n… [+3154 chars]|https://www.metropoles.com/apostas/botafogo-x-vasco-quarta-melhor-defesa-enfrenta-quarto-melhor-ataque
2025-11-05T16:45:42Z|Abril.com.br|Grêmio x Cruzeiro no Brasileirão: onde assistir, horário e escalações|Partida de hoje, 5, é válida pela 32ª rodada|"Black Friday: 4 Revistas pelo preço de uma!Arena do Grêmio, em Porto Alegre, vai ser o palco de Grêmio e Cruzeiro nesta quarta, 5 (Pedro H. Tesch/Getty Images)
Continua após publicidade
Grêmio e Cr… [+2159 chars]"|https://veja.abril.com.br/esporte/gremio-x-cruzeiro-no-brasileirao-onde-assistir-horario-e-escalacoes/
2025-11-05T16:30:51Z|Abril.com.br|Atlético-MG x Bahia no Brasileirão: onde assistir, horário e escalações|Partida de hoje, 5, é válida pela 32ª rodada|"Black Friday: 4 Revistas pelo preço de uma!Arena MRV, em Belo Horizonte, vai ser o palco da partida entre Atlético Mineiro e Bahia nesta quarta, 5 (Gilson Lobo/Getty Images)
Continua após publicidad… [+2277 chars]"|https://veja.abril.com.br/esporte/atletico-mg-x-bahia-no-brasileirao-onde-assistir-horario-e-escalacoes/
2025-11-05T16:20:02Z|Uol.com.br|São Paulo x Flamengo: onde assistir ao jogo do Brasileirão|"Em alta, equipes fazem duelo nesta quarta-feira (5) em Santos. Descubra onde vai passar!
The post São Paulo x Flamengo: onde assistir ao jogo do Brasileirão appeared first on Giz Brasil."|O São Paulo recebe o Flamengo nesta quarta-feira (5), no estádio da Vila Belmiro, em jogo válido pela 32ª rodada do Campeonato Brasileiro. O Tricolor do Morumbi ocupa a oitava colocação com 44 pontos… [+1976 chars]|https://gizbr.uol.com.br/onde-assistir-sao-paulo-flamengo-campeonato-brasileiro-2/
2025-11-05T16:00:11Z|Abril.com.br|Botafogo x Vasco no Brasileirão: onde assistir, horário e escalações|Partida de hoje, 5, é válida pela 32ª rodada|"Black Friday: 4 Revistas pelo preço de uma!Estádio Nilton Santos será o palco da partida entre Botafogo e Vasco da Gama nesta quarta, 5 (André Ricardo/Sports Press Photo/Getty Images)
Continua após … [+2237 chars]"|https://veja.abril.com.br/esporte/botafogo-x-vasco-no-brasileirao-onde-assistir-horario-e-escalacoes/
2025-11-05T15:52:37Z|Globo|Jardim Botânico do RJ é casa da 10ª edição do ‘Avistar Rio’|"Tucano-de-bico-preto é uma das aves que podem ser observadas no JB
João Quental
Há 23 anos, uma vez ao mês, o Jardim Botânico do Rio de Janeiro promove passeios para observação de aves no seu espaço. Considerado um oásis na região, esse refúgio abriga além de…"|A observação de aves é uma prática enraizada no local, que inclusive foi palco e faz parte do histórico dessa prática no Brasil. Por isso, é comum encontrar no dia a dia, pessoas visitando áreas dess… [+5046 chars]|https://g1.globo.com/sp/campinas-regiao/terra-da-gente/noticia/2025/11/05/jardim-botanico-do-rj-e-casa-da-10o-edicao-do-avistar-rio.ghtml
2025-11-05T15:35:06Z|Uol.com.br|Grêmio x Cruzeiro: onde assistir ao jogo do Brasileirão|"Equipes medem forças nesta quarta-feira (5) em Porto Alegre. Veja quem transmite!
The post Grêmio x Cruzeiro: onde assistir ao jogo do Brasileirão appeared first on Giz Brasil."|O Grêmio recebe o Cruzeiro nesta quarta-feira (5), na Arena do Grêmio, em jogo válido pela 32ª rodada do Campeonato Brasileiro. O Tricolor dos Pampas ocupa a 11ª colocação com 39 pontos, enquanto a R… [+1652 chars]|https://gizbr.uol.com.br/onde-assistir-gremio-cruzeiro-campeonato-brasileiro-2/
2025-11-05T15:17:01Z|Metropoles.com|Como foram os últimos jogos entre São Paulo x Flamengo? Veja e aposte|Confira o retrospecto recente do duelo São Paulo x Flamengo para apostar na rodada do Brasileirão desta quarta-feira (5)|São Paulo e Flamengo se enfrentam nesta quarta-feira (5/11), às 21h30, na Vila Belmiro, em duelo válido pela 32ª rodada do Campeonato Brasileiro. O Tricolor busca os três pontos para se aproximar do … [+3156 chars]|https://www.metropoles.com/apostas/como-foram-os-ultimos-jogos-entre-sao-paulo-x-flamengo-veja-e-aposte
2025-11-05T14:20:21Z|Metropoles.com|Confira a programação da 5ª etapa e da final do Mega Drift Brasil|Evento acontece nos dias 08 e 09 de novembro e terá transmissão, ao vivo e gratuita, pelo YouTube do Metrópoles Esportes|Neste fim de semana, acontece a quinta etapa e a grande final do Mega Drift Brasil. O evento será realizado no Estacionamento 1 do Parque da Cidade, neste sábado (08/11) e domingo (09/11), a partir d… [+1361 chars]|https://www.metropoles.com/esportes/confira-a-programacao-da-5a-etapa-e-da-final-do-mega-drift-brasil
2025-11-05T13:47:34Z|Uol.com.br|Botafogo x Vasco: onde assistir ao clássico no Brasileirão|"Clássico da Amizade agita a rodada nesta quarta-feira (5) no Rio de Janeiro. Veja quem transmite!
The post Botafogo x Vasco: onde assistir ao clássico no Brasileirão appeared first on Giz Brasil."|O Botafogo recebe o Vasco da Gama nesta quarta-feira (5), no estádio Nilton Santos, em clássico válido pela 32ª rodada do Campeonato Brasileiro. O Glorioso ocupa a sexta colocação com 48 pontos, enqu… [+1692 chars]|https://gizbr.uol.com.br/onde-assistir-botafogo-vasco-campeonato-brasileiro-2/
2025-11-05T13:30:49Z|Abril.com.br|Benfica x Bayer Leverkusen na Champions: onde assistir, horário e escalações|Partida de hoje, 5, é válida pela 4ª rodada da fase de liga|"Black Friday: 4 Revistas pelo preço de uma!Estádio da Luz, em Lisboa, vai ser o palco da partida entre Benfica e Bayer Leverkusen nesta quarta, 5 (Zed Jameson/MB Media/Getty Images)
Continua após pu… [+2332 chars]"|https://veja.abril.com.br/esporte/benfica-x-bayer-leverkusen-na-champions-onde-assistir-horario-e-escalacoes/
2025-11-05T12:45:07Z|Uol.com.br|RB Bragantino x Corinthians: onde assistir ao jogo do Brasileirão|"Equipes fazem duelo de opostos nesta quarta-feira (5) em Bragança Paulista. Veja quem transmite!
The post RB Bragantino x Corinthians: onde assistir ao jogo do Brasileirão appeared first on Giz Brasil."|O Corinthians visita o Red Bull Bragantino nesta quarta-feira (5), no estádio Cícero de Souza Marques, em jogo válido pela 32ª rodada do Campeonato Brasileiro. O Timão ocupa a décima colocação com 42… [+1945 chars]|https://gizbr.uol.com.br/onde-assistir-red-bull-bragantino-corinthians-campeonato-brasileiro/
2025-11-05T12:04:13Z|Ig.com.br|Botafogo x Vasco: Palpites Brasileirão 2025|Clássico no Nilton Santos é confronto direto para Libertadores 2026|Botafogo e Vasco se enfrentam nesta quarta-feira (5), às 19h30 (horário de Brasília), no Estádio Nilton Santos, em confronto decisivo válido pela 32ª rodada do Campeonato Brasileiro. O clássico cario… [+2841 chars]|https://esporte.ig.com.br/jogoajogo/2025-11-05/botafogo-vasco-brasileirao-2025-rodada-32.html
2025-11-05T11:43:01Z|Uol.com.br|Manchester City x Borussia Dortmund: onde assistir ao jogo da Champions|"Equipes fazem duelo de gigantes nesta quarta-feira (5) em Manchester. Descubra onde vai passar!
The post Manchester City x Borussia Dortmund: onde assistir ao jogo da Champions appeared first on Giz Brasil."|O Manchester City recebe o Borussia Dortmund nesta quarta-feira (5), no Etihad Stadium, em partida válida pela quarta rodada da fase de liga da UEFA Champions League. Ambas as equipes estão com sete … [+1710 chars]|https://gizbr.uol.com.br/onde-assistir-manchester-city-borussia-dortmund-uefa-champions-league/
2025-11-05T11:00:00Z|Olhardigital.com.br|Jogos de hoje (05/11/25): onde assistir futebol ao vivo e horários das partidas|"Quer saber quem joga hoje? Confira horários e onde assistir ao vivo aos jogos de hoje (05/11/25) do futebol do Brasil e do mundo na TV e no streaming
O post Jogos de hoje (05/11/25): onde assistir futebol ao vivo e horários das partidas apareceu primeiro em O…"|"Confira a agenda de jogos dos próximos dias aqui!
Confira aqui, no Olhar Digital, onde assistir, ao vivo, às partidas de hoje, 05 de novembro de 2025. Veja, a seguir, os horários dos jogos de hoje, … [+3184 chars]"|https://olhardigital.com.br/2025/11/05/internet-e-redes-sociais/jogos-de-hoje-05-11-25-onde-assistir-futebol-ao-vivo-e-horarios-das-partidas/
2025-11-05T09:40:54Z|Uol.com.br|Qarabag x Chelsea: onde assistir ao jogo da Champions League|"Equipes se enfrentam nesta quarta-feira (5) em Baku, no Azerbaijão. Veja quem transmite!
The post Qarabag x Chelsea: onde assistir ao jogo da Champions League appeared first on Giz Brasil."|O Chelsea visita o Qarabag nesta quarta-feira (5), no estádio Republicano Tofiq Bahramov, em jogo válido pela quarta rodada da fase de liga da UEFA Champions League. Ambas as equipes estão com seis p… [+1707 chars]|https://gizbr.uol.com.br/onde-assistir-qarabag-chelsea-uefa-champions-league/
2025-11-05T09:39:19Z|Observador.pt|Austrália. Reddit e Kick proibidas a menores de 16 anos|A lei entra em vigor a 10 de dezembro. Plataformas como Facebook, Instagram e TikTok terão de eliminar as contas de menores de 16 anos ou enfrentar multas até 49,5 milhões de dólares australianos.|O fórum online Reddit e a plataforma de streaming ao vivo Kick foram adicionados à lista de plataformas de redes sociais que serão proibidas para menores de 16 anos na Austrália, anunciou esta quarta… [+2679 chars]|https://observador.pt/2025/11/05/australia-adiciona-reddit-e-kick-a-lista-de-redes-proibidas-a-menores-de-16-anos/
2025-11-05T09:10:00Z|Olhardigital.com.br|Atlético-MG x Bahia: onde assistir, horário e escalação do Brasileirão|"Confira escalações, onde assistir e horário do duelo entre Atlético-MG e Bahia pela 32ª rodada do Campeonato Brasileiro
O post Atlético-MG x Bahia: onde assistir, horário e escalação do Brasileirão apareceu primeiro em Olhar Digital."|"Nesta quarta-feira (05), Atlético-MG e Bahia se enfrentam pela 32ª rodada do Brasileirão 2025. A bola rola às 20h (horário de Brasília) na Arena MRV, em Belo Horizonte (MG).
<ul><li>Atlético-MG x Ba… [+1766 chars]"|https://olhardigital.com.br/2025/11/05/internet-e-redes-sociais/atletico-mg-x-bahia-onde-assistir-horario-e-escalacao-do-brasileirao-2/
2025-11-05T04:00:35Z|Globo|Emergentes estão assumindo a vanguarda da inovação verde, diz especialista|Vaishali Nigam Sinha,  cofundadora da empresa indiana líder de geração e distribuição de energia renovável, destaca o avanço de países em desenvolvimento|Enquanto os olhos do mundo se voltam para tendências negacionistas nos Estados Unidos e outros países ricos, boa parte do destino da transição climática é decidida e construída nos países em desenvol… [+15007 chars]|https://valor.globo.com/publicacoes/especiais/emergencia-climatica/noticia/2025/11/05/emergentes-estao-assumindo-a-vanguarda-da-inovacao-verde-diz-especialista.ghtml
2025-11-05T00:26:00Z|Ouniversodatv.com|Prêmio Earthshot 2025: Globo, Multishow e Globoplay exibem cerimônia ambiental liderada por príncipe William|Foto: Reprodução Nesta quarta-feira, dia 5 de novembro, o Multishow e o Globoplay , pelo plano Premium, transmitem diretamente do Museu do A...|"<table><tr><td></td></tr><tr><td>Foto: Reprodução</td></tr>
</table>Nesta quarta-feira, dia 5 de novembro, o Multishow e o Globoplay, pelo plano Premium, transmitem diretamente do Museu do Amanhã, n… [+1342 chars]"|https://www.ouniversodatv.com/2025/11/premio-earthshot-2025-globo-multishow-e.html
2025-11-05T00:04:41Z|BBC News|A história por trás de Silva, o sobrenome mais popular do Brasil|Segundo IBGE, 34 milhões de brasileiros têm o sobrenome Silva, o que representa quase 17% da população|"Crédito, CRIS FAGA/NURPHOTO VIA GETTY IMAGES
Legenda da foto, Quase 17% da população brasileira tem sobrenome de Silva, segundo o IBGE
Article Information<ul><li><ul><li>Author, Felipe van Deursen<… [+15858 chars]"|https://www.bbc.com/portuguese/articles/c15p0k8pvelo
2025-11-04T23:15:15Z|Metropoles.com|As graves acusações de ator contra Agatha Moreira envolvendo a Globo|O ator Pablo Morais fez graves acusações contra Agatha Moreira durante live nas redes sociais|O ator e modelo Pablo Morais fez uma série de acusações contra a atriz e ex-namorada Agatha Moreira durante uma live no TikTok nesta terça-feira (4/11). Ele afirmou que a artista teria armado para ti… [+1102 chars]|https://www.metropoles.com/celebridades/as-graves-acusacoes-de-ator-contra-agatha-moreira-envolvendo-a-globo
2025-11-04T23:08:42Z|Ig.com.br|Vídeo: senadora do PT cai, bate a cabeça e sessão é interrompida|Assessoria informou ao Portal iG que Teresa Leitão foi encaminhada para atendimento hospitalar e passa bem|"A senadora Teresa Leitão (PT) sofreu uma queda no plenário do Senado nesta terça-feira (4). O presidente da Casa, Davi Alcolumbre (União Brasil), suspendeu a sessão.
A transmissão da TV Senado mostr… [+997 chars]"|https://ultimosegundo.ig.com.br/brasil/2025-11-04/video--senadora-do-pt-cai--bate-a-cabeca-e-sessao-e-interrompida.html
2025-11-04T22:45:17Z|Uol.com.br|Windows 11 permitirá ouvir áudio em 2 fones ao mesmo tempo|"Microsoft começa a liberar compartilhamento de áudio com o Windows 11 usando o codec de áudio Bluetooth Low Energy
The post Windows 11 permitirá ouvir áudio em 2 fones ao mesmo tempo appeared first on Giz Brasil."|A Microsoft está trazendo o compartilhamento de áudio para o Windows 11. Na prática, isso vai permitir a transmissão de áudio entre dois pares de fones de ouvido sem fio, alto-falantes, auriculares o… [+1881 chars]|https://gizbr.uol.com.br/windows-11-permitira-ouvir-audio-em-2-fones-ao-mesmo-tempo/
2025-11-04T22:39:51Z|Noticiasautomotivas.com.br|Esperado no Brasil, Ford Territory Hybrid chega antes ao mercado argentino|A Ford apresentou o Novo Territory Hybrid na Argentina, sendo essa a versão eletrificada do SUV médio chinês que se ajustou ao design da marca, focando em|"territory hybrid argentina 1
A Ford apresentou o Novo Territory Hybrid na Argentina, sendo essa a versão eletrificada do SUV médio chinês que se ajustou ao design da marca, focando em funcionalidade… [+2384 chars]"|https://www.noticiasautomotivas.com.br/esperado-no-brasil-ford-territory-hybrid-chega-antes-ao-mercado-argentino/
2025-11-04T22:10:02Z|Expresso.pt|Detetado mais um drone: aeroporto de Bruxelas de novo encerrado|A presença de drones levou ao encerramento do aeroporto de Bruxelas-Zaventem, que reabriu depois o espaço aéreo, mas por poucos minutos|O aeroporto de Bruxelas-Zaventem voltou a encerrar hoje o seu espaço aéreo, após a deteção de mais um drone, poucos minutos depois de ter retomado as operações na sequência de um encerramento inicial… [+3134 chars]|https://expresso.pt/internacional/2025-11-04-detetado-mais-um-drone-aeroporto-de-bruxelas-de-novo-encerrado-276a4696
2025-11-04T21:27:45Z|Papelpop.com|Servindo carisma e vestindo rosa, Kylie Minogue atende fãs no Rio de Janeiro|Mostrando que mulheres que usam rosa vem, sim, ao Brasil, Kylie Minogue atendeu fãs e distribuiu autógrafos na porta do Copacabana Palace, nesta terça-feira (4). No dia 5 de novembro, o Museu do Amanhã será palco do The Earthshot Prize 2025, que é conhecido c…|"Mostrando que mulheres que usam rosa vem, sim, ao Brasil, Kylie Minogue atendeu fãs e distribuiu autógrafos na porta do Copacabana Palace, nesta terça-feira (4).
No dia 5 de novembro, o Museu do Ama… [+688 chars]"|https://www.papelpop.com/2025/11/servindo-carisma-e-vestindo-rosa-kylie-minogue-atende-fas-no-rio-de-janeiro/
2025-11-04T21:23:15Z|Terra.com.br|Polêmica! Ator grava vídeo fazendo grave acusação contra Agatha Moreira: 'Fez um cara perder um filho'|O ator Pablo Morais voltou a ganhar destaque nas redes sociais nesta terça-feira (4) após um ...|O ator Pablo Morais voltou a ganhar destaque nas redes sociais nesta terça-feira (4) após um vídeo de sua live no TikTok viralizar. No registro, divulgado pelo colunista Alessandro Lo-Bianco, Pablo f… [+1359 chars]|https://www.terra.com.br/diversao/gente/polemica-ator-grava-video-fazendo-grave-acusacao-contra-agatha-moreira-fez-um-cara-perder-um-filho,ad8659cc4f9f87ab8f012e53e813cf95rnlj0j2r.html
2025-11-04T20:44:00Z|Ouniversodatv.com|Porta dos Fundos estreia o PortaTV no Samsung TV Plus e reúne pela primeira vez todo o seu acervo em um só canal|João Vicente, Fábio Porchat e Gregório Duvivier apresentam o PortaTV. O Samsung TV Plus  acaba de ampliar seu portfólio com uma das vozes ma...|"<table><tr><td></td></tr><tr><td>João Vicente, Fábio Porchat e Gregório Duvivier apresentam o PortaTV.</td></tr>
</table>O Samsung TV Plus acaba de ampliar seu portfólio com uma das vozes mais criat… [+4042 chars]"|https://www.ouniversodatv.com/2025/11/porta-dos-fundos-estreia-o-portatv-no.html
2025-11-04T20:25:00Z|Ouniversodatv.com|Duelos marcam estreia das Batalhas no The Voice Brasil com muita emoção e talento no palco|Fotos: Ricardo Bufolin/Formata O The Voice Brasil  abriu na última segunda-feira (3) a fase mais eletrizante da temporada: as Batalhas. No p...|"<table><tr><td></td></tr><tr><td>Fotos: Ricardo Bufolin/Formata</td></tr>
</table>O The Voice Brasil abriu na última segunda-feira (3) a fase mais eletrizante da temporada: as Batalhas. No primeiro … [+6005 chars]"|https://www.ouniversodatv.com/2025/11/duelos-marcam-estreia-das-batalhas-no.html
2025-11-04T19:36:42Z|Ig.com.br|Omoda na roda|Omoda 7 busca espaço entre SUVs PHEV combinando conteúdo tecnológico e design ousadoThe post Omoda na roda appeared first on MotorDream.|"Estratégia de expansão
Omoda 7 busca espaço combinando conteúdo tecnológico e design ousado
por Eduardo Rocha
Auto Press
A Omoda Jaecoo resolveu morder a fatia mais carnuda entre os híbridos plug… [+5923 chars]"|https://carros.ig.com.br/parceiros/motordream/2025-11-04/omoda-na-roda.html
2025-11-04T19:35:14Z|Uol.com.br||Maria Elizabeth Rocha rebate ministro da corte militar após afirmação de que ela deveria 'estudar mais'|"A presidente do STM (Superior Tribunal Militar), Maria Elizabeth Rocha, disse nesta terça-feira (4) que conhece bem a história da ditadura militar (1964-1985) e que não aceita o ""tom misógino"" usado … [+3247 chars]"|https://www1.folha.uol.com.br/poder/2025/11/presidente-do-stm-diz-que-colega-usa-tom-misogino-para-criticar-perdao-a-vitimas-da-ditadura.shtml
2025-11-04T19:13:37Z|Mdig.com.br|"A farsa de 1957 do ""espaguete que cresce em árvores"" foi uma das primeiras pegadinhas de 1º de ab..."|Em 1957, o programa Panorama da BBC exibiu uma das primeiras pegadinhas de 1º de abril na televisão. No vídeo que dá contexto a este post, você pode assistir a uma reportagem falsa da Suíça narrada pelo respeitado jornalista Richard Dimbleby. A premissa básic…|<table><tr><td></td><td>Em 1957, o programa Panorama da BBC exibiu uma das primeiras pegadinhas de 1º de abril na televisão. No vídeo que dá contexto a este post, você pode assistir a uma reportagem … [+1872 chars]|https://www.mdig.com.br/index.php?itemid=60547
2025-11-04T17:52:43Z|InfoMoney|Campanha nacional de combate às arboviroses é lançada pelo Ministério da Saúde|"Dentre as medidas, está o uso do método Wolbachia
The post Campanha nacional de combate às arboviroses é lançada pelo Ministério da Saúde appeared first on InfoMoney."|O Ministério da Saúde lançou nesta segunda-feira (3) a campanha nacional de combate às arboviroses nomeada Não dê chance para dengue, zika e chikungunya. A pasta anunciou que mais de R$ 183,5 milhões… [+2062 chars]|https://www.infomoney.com.br/saude/campanha-nacional-de-combate-as-arboviroses-e-lancada-pelo-ministerio-da-saude/
2025-11-04T17:22:56Z|Metropoles.com|Metrópoles Esportes transmite a Copa Centro-Oeste de Futsal|Competição acontece de 09 a 15 de novembro no ginásio Espelho D'água, em Brazlândia, Partidas serão exibidas de graça e ao vivo no YouTube|"Após a transmissão da Copa das Nações de Futsal, mais uma competição da bola pesada desembarca no Metrópoles Esportes. É a Copa Centro-Oeste de Futsal, que será disputada de 9 a 15 de novembro.
Os j… [+1503 chars]"|https://www.metropoles.com/esportes/metropoles-esportes-transmite-a-copa-centro-oeste-de-futsal
2025-11-04T17:04:06Z|Ig.com.br|No Brasil? Final da Libertadores já tem horário e ingressos|Palmeiras x Flamengo começa às 18h (de Brasília), e será disputado no Estádio Monumental de Lima, no Peru|A Conmebol anunciou oficialmente nesta terça-feira (4), o horário da final da Copa Libertadores de 2025. O confronto entre Palmeiras e Flamengo será realizado no dia 29 de novembro, às 18h (de Brasíl… [+1642 chars]|https://esporte.ig.com.br/jogoajogo/2025-11-04/conmebol-divulga-horario-ingressos-final-libertadores.html
2025-11-04T16:23:59Z|Abril.com.br|Juventus x Sporting na Champions: onde assistir, horário e escalações|Partida de hoje, 4, é válida pela 4ª rodada da fase de liga|"Black Friday: 4 Revistas pelo preço de uma!Allianz stadium, em Turim, vai ser o palco da partida entre Juventus e Sporting nesta terça, 4 (Daniele Badolato - Juventus FC/Getty Images)
Continua após … [+2305 chars]"|https://veja.abril.com.br/esporte/juventus-x-sporting-na-champions-onde-assistir-horario-e-escalacoes/
2025-11-04T16:07:04Z|Samsung.com|[Entrevista sobre liderança em comunicações de próxima geração ④] Inaugurando a era 6G com inovação em AI e parcerias globais|Com a aproximação da era 6G, a indústria de telecomunicações está evoluindo através da integração de diversas tecnologias. As redes não são mais|Com a aproximação da era 6G, a indústria de telecomunicações está evoluindo através da integração de diversas tecnologias. As redes não são mais apenas infraestruturas de conexão simples elas estão s… [+8170 chars]|https://news.samsung.com/br/entrevista-sobre-lideranca-em-comunicacoes-de-proxima-geracao-%e2%91%a3-inaugurando-a-era-6g-com-inovacao-em-ai-e-parcerias-globais
2025-11-04T15:22:50Z|Tecnoblog.net|Rio ganha inédita rede de dados por feixe de luz|"Tecnologia usará 22 links ópticos sem fio para interligar pontos da cidade. Objetivo é conectar hospitais, escolas e serviços de essenciais com internet de alta velocidade.
Rio ganha inédita rede de dados por feixe de luz"|"Resumo
<ul><li>Rio de Janeiro será a primeira cidade a receber a tecnologia de internet por feixes de luz do Projeto Taara, da Alphabet (controladora do Google).</li><li>A tecnologia transmite dados… [+3084 chars]"|https://tecnoblog.net/noticias/rio-ganha-inedita-rede-de-dados-por-feixe-de-luz/
2025-11-04T15:17:35Z|Uol.com.br|São Paulo x Palmeiras: onde assistir ao jogo da Copa do Brasil feminino|"Clássico Choque-Rainha decide uma vaga na final nesta terça-feira (4) em Campinas. Veja quem transmite!
The post São Paulo x Palmeiras: onde assistir ao jogo da Copa do Brasil feminino appeared first on Giz Brasil."|O São Paulo encara o Palmeiras nesta terça-feira (4), no estádio Moisés Lucarelli, em clássico válido pela semifinal da Copa do Brasil feminina. Quem levar a melhor no duelo em jogo único decide o tí… [+1570 chars]|https://gizbr.uol.com.br/onde-assistir-sao-paulo-palmeiras-copa-do-brasil-feminino/
2025-11-04T15:10:20Z|InfoMoney|São Paulo e outros sete Estados estão com alerta amarelo para tempestades|"Previsão indica chuva de até 50 mm, ventos de 60 km/h e risco de granizo até quarta-feira
The post São Paulo e outros sete Estados estão com alerta amarelo para tempestades appeared first on InfoMoney."|O Instituto Nacional de Meteorologia (Inmet) emitiu alerta amarelo de perigo potencial para tempestades em São Paulo e outros sete Estados do País. O aviso, que começou a valer nesta terça-feira, 4, … [+1389 chars]|https://www.infomoney.com.br/brasil/sao-paulo-e-outros-sete-estados-estao-com-alerta-amarelo-para-tempestades/
2025-11-04T14:55:09Z|Metropoles.com|Conmebol abre venda de ingressos para final da Libertadores|Palmeiras e Flamengo disputam o título da Libertadores no dia 29 de novembro, no Estádio Monumental U, em Lima, capital do Peru|A Confederação Sul-Americana de Futebol (Conmebol) abre, nesta terça-feira (4/11), a venda de ingressos para a final da Copa Libertadores entre Palmeiras e Flamengo. As equipes jogam no dia 29 de nov… [+739 chars]|https://www.metropoles.com/esportes/conmebol-abre-venda-de-ingressos-para-final-da-libertadores
2025-11-04T13:59:12Z|Terra.com.br|Palpite Liverpool x Real Madrid - Liga dos Campeões - 04/11/2025|Liverpool e Real Madrid vão se enfrentar nesta terça-feira (4), às 17h (horário de Brasília), ...|Liverpool e Real Madrid vão se enfrentar nesta terça-feira (4), às 17h (horário de Brasília), pela quarta rodada da fase de grupos da Liga dos Campeões. O palpite é de vitória do Real Madrid, que rea… [+3257 chars]|https://www.terra.com.br/apostas/palpites-e-odds/palpite-liverpool-x-real-madrid-liga-dos-campeoes-04112025,e78d9683a2b6c5921d1aa38570557c11fn91zpyu.html
